image,label
ISIC_0025987,0
ISIC_0064019,2
ISIC_0072916,2
ISIC_0055812,2
ISIC_0060382,2
ISIC_0012258_downsampled,0
ISIC_0055161,0
ISIC_0031203,0
ISIC_0072461,2
ISIC_0033499,2
ISIC_0060643,2
ISIC_0063131,0
ISIC_0054817,2
ISIC_0056372,2
ISIC_0071245,0
ISIC_0012512_downsampled,0
ISIC_0055891,2
ISIC_0027065,0
ISIC_0026516,0
ISIC_0070053,2
ISIC_0001106_downsampled,0
ISIC_0064962,2
ISIC_0068637,2
ISIC_0072237,2
ISIC_0054658,2
ISIC_0057180,0
ISIC_0063529,2
ISIC_0069481,0
ISIC_0066564,0
ISIC_0060310,2
ISIC_0014337_downsampled,0
ISIC_0062734,0
ISIC_0032036,0
ISIC_0054846,0
ISIC_0053816,0
ISIC_0067380,2
ISIC_0054854,2
ISIC_0072505,2
ISIC_0013573_downsampled,0
ISIC_0056942,2
ISIC_0054112,0
ISIC_0068119,0
ISIC_0060937,0
ISIC_0072515,2
ISIC_0026045,0
ISIC_0029397,0
ISIC_0066844,0
ISIC_0054385,0
ISIC_0014110_downsampled,0
ISIC_0014249_downsampled,0
ISIC_0072951,2
ISIC_0057973,0
ISIC_0062984,2
ISIC_0056226,0
ISIC_0071950,0
ISIC_0072099,0
ISIC_0033980,0
ISIC_0060542,2
ISIC_0034012,0
ISIC_0030145,2
ISIC_0073002,2
ISIC_0065440,2
ISIC_0069272,2
ISIC_0032509,0
ISIC_0026892,0
ISIC_0034076,0
ISIC_0054070,0
ISIC_0026458,0
ISIC_0059631,0
ISIC_0027819,2
ISIC_0063793,0
ISIC_0061320,0
ISIC_0027517,0
ISIC_0058670,2
ISIC_0025433,2
ISIC_0072480,2
ISIC_0024864,0
ISIC_0057558,0
ISIC_0034183,0
ISIC_0024457,2
ISIC_0028764,0
ISIC_0028198,0
ISIC_0053699,0
ISIC_0072001,0
ISIC_0068906,2
ISIC_0032672,0
ISIC_0070072,2
ISIC_0063534,2
ISIC_0053976,2
ISIC_0065856,2
ISIC_0068659,2
ISIC_0065877,2
ISIC_0058059,0
ISIC_0054133,2
ISIC_0070751,2
ISIC_0010350,0
ISIC_0067357,2
ISIC_0026738,0
ISIC_0056063,0
ISIC_0032727,2
ISIC_0066799,2
ISIC_0054445,0
ISIC_0057715,2
ISIC_0031140,2
ISIC_0064141,0
ISIC_0064512,2
ISIC_0071576,0
ISIC_0061284,2
ISIC_0029000,0
ISIC_0069649,2
ISIC_0024799,2
ISIC_0072827,0
ISIC_0066657,2
ISIC_0024952,0
ISIC_0030261,2
ISIC_0025489,0
ISIC_0059104,0
ISIC_0071255,2
ISIC_0053801,0
ISIC_0068169,2
ISIC_0012435_downsampled,0
ISIC_0068054,0
ISIC_0034093,2
ISIC_0054451,2
ISIC_0056406,0
ISIC_0062488,2
ISIC_0057692,0
ISIC_0057211,0
ISIC_0067756,0
ISIC_0030747,0
ISIC_0060637,2
ISIC_0060596,2
ISIC_0066014,2
ISIC_0025531,0
ISIC_0057523,2
ISIC_0070061,0
ISIC_0061923,2
ISIC_0068392,2
ISIC_0067536,0
ISIC_0070588,0
ISIC_0068142,2
ISIC_0066533,0
ISIC_0063802,2
ISIC_0064058,0
ISIC_0068252,0
ISIC_0058344,0
ISIC_0060973,2
ISIC_0073128,2
ISIC_0067774,2
ISIC_0064424,2
ISIC_0072507,0
ISIC_0055604,2
ISIC_0071709,2
ISIC_0064420,2
ISIC_0069553,2
ISIC_0059227,2
ISIC_0062236,2
ISIC_0057344,0
ISIC_0029343,0
ISIC_0055453,0
ISIC_0069995,0
ISIC_0070843,2
ISIC_0061922,0
ISIC_0063419,2
ISIC_0071597,2
ISIC_0032624,0
ISIC_0013427_downsampled,0
ISIC_0056863,0
ISIC_0010596,0
ISIC_0058689,2
ISIC_0059806,2
ISIC_0000300,0
ISIC_0031999,0
ISIC_0072101,0
ISIC_0066320,0
ISIC_0068886,0
ISIC_0031986,2
ISIC_0067532,2
ISIC_0010189,0
ISIC_0026167,0
ISIC_0072670,2
ISIC_0068721,0
ISIC_0057307,0
ISIC_0056297,2
ISIC_0027281,2
ISIC_0059423,0
ISIC_0057315,0
ISIC_0061254,2
ISIC_0061397,2
ISIC_0065041,2
ISIC_0072824,0
ISIC_0014883_downsampled,0
ISIC_0025891,0
ISIC_0061806,0
ISIC_0059811,2
ISIC_0028973,2
ISIC_0063094,0
ISIC_0064162,2
ISIC_0054351,0
ISIC_0068761,0
ISIC_0058860,2
ISIC_0066340,2
ISIC_0069192,0
ISIC_0055169,0
ISIC_0066749,0
ISIC_0030910,0
ISIC_0072974,2
ISIC_0024313,0
ISIC_0060032,0
ISIC_0061143,2
ISIC_0064325,2
ISIC_0024351,0
ISIC_0053712,2
ISIC_0071864,2
ISIC_0064655,2
ISIC_0060073,2
ISIC_0013258_downsampled,0
ISIC_0032987,0
ISIC_0056883,2
ISIC_0054523,0
ISIC_0058792,0
ISIC_0071388,0
ISIC_0059600,2
ISIC_0066572,2
ISIC_0060154,0
ISIC_0064644,2
ISIC_0065548,2
ISIC_0069161,2
ISIC_0070308,0
ISIC_0062994,0
ISIC_0057801,2
ISIC_0071720,0
ISIC_0056409,0
ISIC_0064300,2
ISIC_0029779,2
ISIC_0029212,0
ISIC_0063338,2
ISIC_0070110,0
ISIC_0054477,2
ISIC_0053503,0
ISIC_0070612,2
ISIC_0029630,0
ISIC_0027021,0
ISIC_0071455,0
ISIC_0072269,2
ISIC_0026766,2
ISIC_0071867,2
ISIC_0063153,0
ISIC_0058011,2
ISIC_0033586,0
ISIC_0059329,2
ISIC_0028670,2
ISIC_0069084,0
ISIC_0028579,0
ISIC_0061070,0
ISIC_0073055,2
ISIC_0064599,2
ISIC_0062108,2
ISIC_0065083,2
ISIC_0062850,0
ISIC_0063530,2
ISIC_0061382,0
ISIC_0067350,0
ISIC_0013636_downsampled,0
ISIC_0026430,0
ISIC_0013594_downsampled,0
ISIC_0072931,2
ISIC_0053714,2
ISIC_0066044,2
ISIC_0055191,0
ISIC_0027788,2
ISIC_0068723,2
ISIC_0024885,2
ISIC_0067707,2
ISIC_0030539,0
ISIC_0068343,0
ISIC_0032722,0
ISIC_0030107,0
ISIC_0062080,2
ISIC_0057286,0
ISIC_0033198,0
ISIC_0060209,2
ISIC_0064693,0
ISIC_0057088,2
ISIC_0064080,0
ISIC_0066449,2
ISIC_0033324,0
ISIC_0065696,2
ISIC_0011130,0
ISIC_0066105,0
ISIC_0025904,0
ISIC_0059569,0
ISIC_0071466,2
ISIC_0014527_downsampled,0
ISIC_0067049,2
ISIC_0027120,2
ISIC_0028858,2
ISIC_0057734,0
ISIC_0065752,2
ISIC_0032232,0
ISIC_0068250,2
ISIC_0055392,2
ISIC_0033594,0
ISIC_0071214,2
ISIC_0069058,0
ISIC_0031746,0
ISIC_0024431,2
ISIC_0028107,2
ISIC_0059977,2
ISIC_0026056,2
ISIC_0034048,0
ISIC_0058419,2
ISIC_0032799,2
ISIC_0059210,2
ISIC_0027616,0
ISIC_0065607,2
ISIC_0054744,0
ISIC_0066136,0
ISIC_0070006,0
ISIC_0066206,2
ISIC_0024449,0
ISIC_0067721,2
ISIC_0070351,0
ISIC_0056752,0
ISIC_0031239,0
ISIC_0058508,0
ISIC_0070215,0
ISIC_0061244,0
ISIC_0065720,0
ISIC_0062395,2
ISIC_0033333,0
ISIC_0053559,2
ISIC_0067956,2
ISIC_0072108,2
ISIC_0065775,0
ISIC_0071180,0
ISIC_0056605,2
ISIC_0033814,0
ISIC_0010321,0
ISIC_0031026,2
ISIC_0027865,2
ISIC_0053928,2
ISIC_0072455,2
ISIC_0073173,0
ISIC_0053628,0
ISIC_0066478,2
ISIC_0066534,2
ISIC_0065523,0
ISIC_0065044,2
ISIC_0061062,2
ISIC_0055647,2
ISIC_0071794,2
ISIC_0057111,2
ISIC_0060409,2
ISIC_0034269,0
ISIC_0066481,0
ISIC_0066850,2
ISIC_0028219,0
ISIC_0059988,2
ISIC_0067758,0
ISIC_0069063,0
ISIC_0053485,0
ISIC_0001131_downsampled,0
ISIC_0070492,2
ISIC_0059275,2
ISIC_0056291,2
ISIC_0067341,2
ISIC_0034276,2
ISIC_0057914,0
ISIC_0026266,0
ISIC_0064451,2
ISIC_0013815_downsampled,0
ISIC_0070183,2
ISIC_0014735_downsampled,0
ISIC_0059954,2
ISIC_0072377,0
ISIC_0066137,2
ISIC_0033609,2
ISIC_0060896,2
ISIC_0034134,0
ISIC_0056201,0
ISIC_0063223,0
ISIC_0060040,2
ISIC_0033426,0
ISIC_0063845,0
ISIC_0065207,2
ISIC_0029272,0
ISIC_0063157,0
ISIC_0072649,2
ISIC_0069718,2
ISIC_0065637,2
ISIC_0071996,0
ISIC_0064195,0
ISIC_0064784,0
ISIC_0032611,2
ISIC_0063298,2
ISIC_0000142_downsampled,0
ISIC_0025941,0
ISIC_0068152,0
ISIC_0069796,2
ISIC_0028285,0
ISIC_0061636,0
ISIC_0030114,2
ISIC_0056870,2
ISIC_0072023,2
ISIC_0061979,2
ISIC_0068895,0
ISIC_0070892,0
ISIC_0064843,2
ISIC_0068954,2
ISIC_0059804,0
ISIC_0033061,0
ISIC_0055944,2
ISIC_0063795,0
ISIC_0033241,0
ISIC_0054851,0
ISIC_0064072,0
ISIC_0025814,0
ISIC_0059671,0
ISIC_0062496,2
ISIC_0014891_downsampled,0
ISIC_0057334,2
ISIC_0057010,2
ISIC_0068769,0
ISIC_0072134,2
ISIC_0072356,2
ISIC_0072342,2
ISIC_0065303,2
ISIC_0062756,0
ISIC_0062194,2
ISIC_0069206,2
ISIC_0066338,0
ISIC_0060795,0
ISIC_0000172,0
ISIC_0067633,2
ISIC_0071751,2
ISIC_0069268,0
ISIC_0065508,2
ISIC_0056255,2
ISIC_0056780,2
ISIC_0067466,0
ISIC_0054120,2
ISIC_0000279,0
ISIC_0028325,0
ISIC_0066826,2
ISIC_0032061,2
ISIC_0009918,0
ISIC_0071448,2
ISIC_0060683,2
ISIC_0013565_downsampled,0
ISIC_0066733,0
ISIC_0033593,0
ISIC_0068129,0
ISIC_0058959,0
ISIC_0027291,2
ISIC_0072594,0
ISIC_0061885,0
ISIC_0053535,2
ISIC_0063877,2
ISIC_0063587,2
ISIC_0053603,0
ISIC_0054748,0
ISIC_0062199,2
ISIC_0068292,2
ISIC_0072171,0
ISIC_0057916,2
ISIC_0033901,0
ISIC_0061864,2
ISIC_0027669,0
ISIC_0064107,0
ISIC_0025601,2
ISIC_0028583,2
ISIC_0062052,2
ISIC_0063111,2
ISIC_0032834,2
ISIC_0073155,2
ISIC_0057748,2
ISIC_0015256_downsampled,0
ISIC_0064238,2
ISIC_0064868,0
ISIC_0062792,0
ISIC_0066922,2
ISIC_0073054,0
ISIC_0056875,2
ISIC_0062992,0
ISIC_0058024,0
ISIC_0066575,2
ISIC_0025617,2
ISIC_0059336,0
ISIC_0034246,0
ISIC_0072826,0
ISIC_0068415,2
ISIC_0060392,2
ISIC_0069066,2
ISIC_0053841,0
ISIC_0069864,0
ISIC_0065590,0
ISIC_0067313,2
ISIC_0066841,2
ISIC_0028815,2
ISIC_0015071_downsampled,0
ISIC_0032782,0
ISIC_0067182,2
ISIC_0032917,0
ISIC_0059581,2
ISIC_0029083,2
ISIC_0061173,2
ISIC_0069742,2
ISIC_0071169,0
ISIC_0054663,0
ISIC_0054334,0
ISIC_0070525,2
ISIC_0064428,0
ISIC_0060343,2
ISIC_0054593,2
ISIC_0062712,0
ISIC_0055806,2
ISIC_0065061,2
ISIC_0063754,2
ISIC_0055498,0
ISIC_0069422,2
ISIC_0058392,2
ISIC_0059546,2
ISIC_0071384,2
ISIC_0060086,2
ISIC_0065655,0
ISIC_0014784_downsampled,0
ISIC_0066398,2
ISIC_0033611,0
ISIC_0062160,0
ISIC_0066727,2
ISIC_0055758,2
ISIC_0061301,2
ISIC_0033372,2
ISIC_0072492,2
ISIC_0072953,0
ISIC_0066952,0
ISIC_0027956,0
ISIC_0067249,2
ISIC_0071580,0
ISIC_0070945,2
ISIC_0066190,2
ISIC_0071682,2
ISIC_0057359,2
ISIC_0026829,2
ISIC_0056100,2
ISIC_0054599,0
ISIC_0034047,2
ISIC_0055887,0
ISIC_0055606,2
ISIC_0031958,0
ISIC_0056346,0
ISIC_0010265,0
ISIC_0010267,0
ISIC_0072061,0
ISIC_0067305,2
ISIC_0062420,0
ISIC_0031712,2
ISIC_0058202,2
ISIC_0070011,2
ISIC_0067042,2
ISIC_0059201,2
ISIC_0063072,0
ISIC_0066954,2
ISIC_0069300,2
ISIC_0054904,0
ISIC_0028696,0
ISIC_0058010,0
ISIC_0034160,2
ISIC_0066743,2
ISIC_0055814,2
ISIC_0065875,2
ISIC_0025127,0
ISIC_0064163,2
ISIC_0013908_downsampled,0
ISIC_0066935,0
ISIC_0068383,0
ISIC_0064073,0
ISIC_0013549_downsampled,0
ISIC_0068758,2
ISIC_0071000,0
ISIC_0024634,2
ISIC_0070573,2
ISIC_0064286,2
ISIC_0063413,2
ISIC_0067147,2
ISIC_0065077,2
ISIC_0031941,0
ISIC_0059905,0
ISIC_0056810,2
ISIC_0031526,2
ISIC_0026760,2
ISIC_0059081,2
ISIC_0062425,0
ISIC_0066062,2
ISIC_0064685,2
ISIC_0058362,0
ISIC_0068356,2
ISIC_0065481,2
ISIC_0062965,2
ISIC_0071050,0
ISIC_0063475,0
ISIC_0066412,0
ISIC_0054322,2
ISIC_0026496,2
ISIC_0013813_downsampled,0
ISIC_0069843,2
ISIC_0061112,0
ISIC_0055007,0
ISIC_0068918,0
ISIC_0053769,2
ISIC_0012382_downsampled,0
ISIC_0029644,2
ISIC_0073047,2
ISIC_0026192,2
ISIC_0072610,2
ISIC_0071251,2
ISIC_0057057,2
ISIC_0054819,0
ISIC_0063905,2
ISIC_0061819,2
ISIC_0053934,2
ISIC_0026500,0
ISIC_0067699,0
ISIC_0067502,0
ISIC_0066114,0
ISIC_0031670,0
ISIC_0064699,2
ISIC_0069873,0
ISIC_0054060,2
ISIC_0065142,0
ISIC_0070221,2
ISIC_0066654,2
ISIC_0026090,2
ISIC_0000154_downsampled,0
ISIC_0028937,2
ISIC_0024595,2
ISIC_0067567,0
ISIC_0061124,2
ISIC_0064057,2
ISIC_0031284,2
ISIC_0000412_downsampled,0
ISIC_0068791,2
ISIC_0073168,0
ISIC_0067869,2
ISIC_0063506,2
ISIC_0025362,2
ISIC_0033878,0
ISIC_0071258,0
ISIC_0061761,0
ISIC_0055050,2
ISIC_0067303,2
ISIC_0057148,0
ISIC_0063167,2
ISIC_0056572,0
ISIC_0027297,2
ISIC_0010207,0
ISIC_0025963,0
ISIC_0072051,0
ISIC_0057551,2
ISIC_0028059,2
ISIC_0065146,2
ISIC_0058278,2
ISIC_0061270,2
ISIC_0067736,2
ISIC_0072254,2
ISIC_0034236,0
ISIC_0072124,2
ISIC_0056525,0
ISIC_0065581,2
ISIC_0064731,2
ISIC_0068177,2
ISIC_0053771,2
ISIC_0056088,2
ISIC_0063228,0
ISIC_0059334,2
ISIC_0027253,0
ISIC_0029323,2
ISIC_0067295,2
ISIC_0060256,0
ISIC_0000288,0
ISIC_0062105,2
ISIC_0070015,2
ISIC_0068137,0
ISIC_0029281,0
ISIC_0066271,2
ISIC_0070149,0
ISIC_0061194,0
ISIC_0013497_downsampled,0
ISIC_0057751,2
ISIC_0057805,2
ISIC_0059548,2
ISIC_0033337,0
ISIC_0067426,2
ISIC_0068402,2
ISIC_0070614,0
ISIC_0067539,0
ISIC_0034026,2
ISIC_0068905,0
ISIC_0071392,0
ISIC_0063209,2
ISIC_0072463,2
ISIC_0065615,0
ISIC_0059320,2
ISIC_0014238_downsampled,0
ISIC_0071366,2
ISIC_0070785,2
ISIC_0071367,0
ISIC_0031063,2
ISIC_0065448,0
ISIC_0069245,0
ISIC_0025128,0
ISIC_0065345,2
ISIC_0062026,0
ISIC_0026988,2
ISIC_0058500,2
ISIC_0030925,0
ISIC_0054745,2
ISIC_0025035,0
ISIC_0029933,0
ISIC_0055059,2
ISIC_0062180,2
ISIC_0073091,2
ISIC_0053731,2
ISIC_0055225,2
ISIC_0027560,0
ISIC_0068716,2
ISIC_0072776,2
ISIC_0060003,2
ISIC_0060558,0
ISIC_0068985,2
ISIC_0066061,0
ISIC_0067508,2
ISIC_0070933,0
ISIC_0014897_downsampled,0
ISIC_0011390,0
ISIC_0010576,0
ISIC_0027744,2
ISIC_0071515,2
ISIC_0033312,0
ISIC_0055802,0
ISIC_0030271,2
ISIC_0071347,2
ISIC_0066390,0
ISIC_0072136,0
ISIC_0058061,2
ISIC_0001152_downsampled,0
ISIC_0069577,2
ISIC_0073037,2
ISIC_0033856,0
ISIC_0065190,2
ISIC_0057572,2
ISIC_0057188,0
ISIC_0063979,2
ISIC_0053534,2
ISIC_0033638,0
ISIC_0069920,0
ISIC_0073246,2
ISIC_0055245,2
ISIC_0066830,2
ISIC_0056965,2
ISIC_0069476,2
ISIC_0065181,0
ISIC_0056186,0
ISIC_0060216,0
ISIC_0054075,2
ISIC_0033545,0
ISIC_0064180,0
ISIC_0063025,2
ISIC_0061870,0
ISIC_0062364,0
ISIC_0063872,0
ISIC_0062240,2
ISIC_0053594,0
ISIC_0053800,0
ISIC_0055762,2
ISIC_0054717,2
ISIC_0063687,0
ISIC_0056655,0
ISIC_0062313,0
ISIC_0056282,2
ISIC_0024410,0
ISIC_0066308,0
ISIC_0067072,2
ISIC_0058987,2
ISIC_0067784,2
ISIC_0014975_downsampled,0
ISIC_0071541,0
ISIC_0056607,2
ISIC_0014255_downsampled,0
ISIC_0062399,2
ISIC_0014347_downsampled,0
ISIC_0027302,0
ISIC_0033175,0
ISIC_0063205,2
ISIC_0064588,2
ISIC_0072473,0
ISIC_0072939,0
ISIC_0066217,0
ISIC_0063598,0
ISIC_0072990,0
ISIC_0058794,0
ISIC_0060972,0
ISIC_0029412,2
ISIC_0014480_downsampled,0
ISIC_0028814,2
ISIC_0069987,0
ISIC_0013411_downsampled,0
ISIC_0057979,2
ISIC_0032182,0
ISIC_0072270,2
ISIC_0064800,0
ISIC_0063726,2
ISIC_0029857,2
ISIC_0057482,0
ISIC_0054772,2
ISIC_0059873,2
ISIC_0070961,0
ISIC_0060991,2
ISIC_0062615,2
ISIC_0032774,0
ISIC_0065429,2
ISIC_0034162,0
ISIC_0067580,2
ISIC_0072539,2
ISIC_0060314,2
ISIC_0061341,2
ISIC_0064444,0
ISIC_0063942,2
ISIC_0072406,2
ISIC_0031377,0
ISIC_0056099,2
ISIC_0068792,2
ISIC_0064968,2
ISIC_0063794,2
ISIC_0057170,2
ISIC_0059111,2
ISIC_0070735,2
ISIC_0065179,2
ISIC_0055951,2
ISIC_0057666,2
ISIC_0071594,0
ISIC_0067335,0
ISIC_0065848,2
ISIC_0054287,0
ISIC_0031318,2
ISIC_0056696,2
ISIC_0060495,0
ISIC_0033747,2
ISIC_0027004,2
ISIC_0062666,2
ISIC_0065170,2
ISIC_0068153,0
ISIC_0055563,0
ISIC_0055109,2
ISIC_0029859,0
ISIC_0056941,2
ISIC_0055898,2
ISIC_0063166,2
ISIC_0073016,0
ISIC_0068083,2
ISIC_0069626,0
ISIC_0032441,0
ISIC_0067160,0
ISIC_0066639,2
ISIC_0058781,0
ISIC_0071782,0
ISIC_0059447,2
ISIC_0059771,2
ISIC_0027851,2
ISIC_0028688,2
ISIC_0033999,0
ISIC_0063512,2
ISIC_0061205,2
ISIC_0071670,2
ISIC_0054205,0
ISIC_0013634_downsampled,0
ISIC_0059382,0
ISIC_0059657,2
ISIC_0069913,2
ISIC_0028486,2
ISIC_0056588,2
ISIC_0057905,2
ISIC_0055249,0
ISIC_0029546,2
ISIC_0069168,2
ISIC_0070642,2
ISIC_0025932,2
ISIC_0013828_downsampled,0
ISIC_0069049,2
ISIC_0059689,2
ISIC_0070656,2
ISIC_0032823,0
ISIC_0063295,0
ISIC_0071742,2
ISIC_0059486,0
ISIC_0057199,0
ISIC_0058770,0
ISIC_0034119,2
ISIC_0060421,2
ISIC_0067621,0
ISIC_0068862,2
ISIC_0054621,2
ISIC_0059516,2
ISIC_0054377,0
ISIC_0066842,2
ISIC_0026275,2
ISIC_0034275,0
ISIC_0056030,2
ISIC_0057061,0
ISIC_0070665,2
ISIC_0030034,0
ISIC_0069434,2
ISIC_0055677,2
ISIC_0011158,0
ISIC_0054985,2
ISIC_0034211,0
ISIC_0070105,0
ISIC_0058645,0
ISIC_0055361,0
ISIC_0057884,0
ISIC_0054344,2
ISIC_0026213,2
ISIC_0065195,0
ISIC_0064683,0
ISIC_0065218,0
ISIC_0072852,2
ISIC_0032873,0
ISIC_0015132_downsampled,0
ISIC_0056072,0
ISIC_0031236,2
ISIC_0032450,0
ISIC_0010466,0
ISIC_0032903,0
ISIC_0071459,2
ISIC_0056014,2
ISIC_0066960,2
ISIC_0033979,2
ISIC_0055314,0
ISIC_0062271,2
ISIC_0014171_downsampled,0
ISIC_0059396,2
ISIC_0031931,0
ISIC_0072176,2
ISIC_0065697,0
ISIC_0062058,0
ISIC_0028548,0
ISIC_0032844,0
ISIC_0061207,2
ISIC_0012151_downsampled,0
ISIC_0057503,2
ISIC_0060401,2
ISIC_0066702,2
ISIC_0070086,2
ISIC_0058767,2
ISIC_0065129,2
ISIC_0015136_downsampled,0
ISIC_0029123,2
ISIC_0063537,0
ISIC_0072103,0
ISIC_0068555,0
ISIC_0054434,0
ISIC_0054528,0
ISIC_0033962,0
ISIC_0055526,0
ISIC_0032420,0
ISIC_0055735,2
ISIC_0071003,2
ISIC_0063945,0
ISIC_0066106,0
ISIC_0070466,2
ISIC_0060834,0
ISIC_0056990,2
ISIC_0032220,0
ISIC_0060657,2
ISIC_0059524,2
ISIC_0065823,0
ISIC_0071960,2
ISIC_0029651,0
ISIC_0032810,0
ISIC_0026652,0
ISIC_0061281,0
ISIC_0014557_downsampled,0
ISIC_0063662,2
ISIC_0072653,0
ISIC_0033651,0
ISIC_0027822,0
ISIC_0072825,0
ISIC_0054063,2
ISIC_0057757,2
ISIC_0055440,0
ISIC_0059785,0
ISIC_0031077,0
ISIC_0055902,0
ISIC_0054167,0
ISIC_0073018,0
ISIC_0067006,0
ISIC_0066040,2
ISIC_0071492,0
ISIC_0070940,0
ISIC_0062649,0
ISIC_0059697,0
ISIC_0069179,0
ISIC_0066698,2
ISIC_0034294,0
ISIC_0057054,2
ISIC_0068309,0
ISIC_0029698,0
ISIC_0060590,2
ISIC_0072786,0
ISIC_0064269,2
ISIC_0068011,0
ISIC_0033257,2
ISIC_0066659,0
ISIC_0055156,0
ISIC_0026074,2
ISIC_0058935,0
ISIC_0028156,0
ISIC_0065927,0
ISIC_0064631,2
ISIC_0068143,0
ISIC_0060223,2
ISIC_0058252,2
ISIC_0056124,2
ISIC_0065422,2
ISIC_0029669,2
ISIC_0059513,0
ISIC_0070355,2
ISIC_0061496,0
ISIC_0072112,2
ISIC_0056940,0
ISIC_0060627,2
ISIC_0059306,2
ISIC_0031263,2
ISIC_0071441,2
ISIC_0065228,2
ISIC_0033834,0
ISIC_0014507_downsampled,0
ISIC_0027046,2
ISIC_0060429,2
ISIC_0067171,0
ISIC_0029172,0
ISIC_0070032,0
ISIC_0054942,2
ISIC_0063859,2
ISIC_0057759,0
ISIC_0055810,0
ISIC_0063546,2
ISIC_0009910,0
ISIC_0058996,2
ISIC_0025709,0
ISIC_0067543,0
ISIC_0067347,0
ISIC_0061049,0
ISIC_0060120,2
ISIC_0056097,2
ISIC_0070709,0
ISIC_0054986,2
ISIC_0031266,2
ISIC_0014186_downsampled,0
ISIC_0065330,2
ISIC_0025651,0
ISIC_0026574,2
ISIC_0073102,0
ISIC_0057195,2
ISIC_0027545,2
ISIC_0057338,0
ISIC_0067896,0
ISIC_0056486,2
ISIC_0071315,0
ISIC_0030813,2
ISIC_0028871,2
ISIC_0059481,0
ISIC_0056374,2
ISIC_0056083,2
ISIC_0059946,2
ISIC_0058399,0
ISIC_0027487,0
ISIC_0057839,2
ISIC_0060748,2
ISIC_0067704,0
ISIC_0055451,0
ISIC_0067521,0
ISIC_0060741,0
ISIC_0065315,0
ISIC_0026086,0
ISIC_0060011,2
ISIC_0070465,0
ISIC_0067564,0
ISIC_0028445,0
ISIC_0069484,2
ISIC_0058995,2
ISIC_0068382,0
ISIC_0000307,0
ISIC_0062683,2
ISIC_0030954,2
ISIC_0058905,2
ISIC_0053885,2
ISIC_0066358,0
ISIC_0055180,2
ISIC_0030759,0
ISIC_0065735,0
ISIC_0072759,2
ISIC_0061798,0
ISIC_0054673,0
ISIC_0056252,2
ISIC_0068128,0
ISIC_0062172,2
ISIC_0069715,2
ISIC_0033487,0
ISIC_0063269,2
ISIC_0054941,0
ISIC_0072405,0
ISIC_0068313,2
ISIC_0030760,0
ISIC_0071430,0
ISIC_0032269,0
ISIC_0062918,2
ISIC_0062480,2
ISIC_0033518,0
ISIC_0060191,2
ISIC_0054215,2
ISIC_0024673,2
ISIC_0059593,0
ISIC_0065057,0
ISIC_0059005,0
ISIC_0066540,2
ISIC_0010241,0
ISIC_0061110,2
ISIC_0030452,2
ISIC_0033081,0
ISIC_0028898,0
ISIC_0072292,0
ISIC_0056440,0
ISIC_0058704,2
ISIC_0065918,0
ISIC_0068764,2
ISIC_0066792,0
ISIC_0068003,0
ISIC_0065597,0
ISIC_0061158,0
ISIC_0015189_downsampled,0
ISIC_0073038,0
ISIC_0061704,2
ISIC_0059992,0
ISIC_0031529,0
ISIC_0053744,2
ISIC_0059986,2
ISIC_0055673,2
ISIC_0072713,0
ISIC_0068302,2
ISIC_0011210,0
ISIC_0057417,0
ISIC_0055375,2
ISIC_0066745,2
ISIC_0027473,2
ISIC_0027552,0
ISIC_0061252,0
ISIC_0060483,2
ISIC_0029539,2
ISIC_0062463,0
ISIC_0057147,0
ISIC_0063452,2
ISIC_0029501,2
ISIC_0032318,2
ISIC_0031728,2
ISIC_0053649,2
ISIC_0069856,2
ISIC_0031013,0
ISIC_0056287,2
ISIC_0071446,2
ISIC_0068101,2
ISIC_0059687,2
ISIC_0069337,2
ISIC_0053500,2
ISIC_0061740,2
ISIC_0024571,0
ISIC_0057554,0
ISIC_0061670,0
ISIC_0032164,2
ISIC_0025724,0
ISIC_0029893,0
ISIC_0014695_downsampled,0
ISIC_0065742,0
ISIC_0065279,2
ISIC_0063265,2
ISIC_0032936,0
ISIC_0032840,0
ISIC_0055038,2
ISIC_0060880,2
ISIC_0065874,2
ISIC_0070844,2
ISIC_0072877,2
ISIC_0064305,2
ISIC_0057457,0
ISIC_0029558,0
ISIC_0070380,0
ISIC_0066019,0
ISIC_0054740,2
ISIC_0054396,2
ISIC_0069112,0
ISIC_0063231,2
ISIC_0062764,2
ISIC_0071397,2
ISIC_0072418,0
ISIC_0032918,0
ISIC_0032718,0
ISIC_0059281,0
ISIC_0013334_downsampled,0
ISIC_0072318,2
ISIC_0033272,0
ISIC_0072441,0
ISIC_0055519,0
ISIC_0072897,2
ISIC_0066423,0
ISIC_0064452,2
ISIC_0068669,2
ISIC_0033366,2
ISIC_0061544,0
ISIC_0055141,0
ISIC_0070111,0
ISIC_0072066,2
ISIC_0064113,0
ISIC_0071598,2
ISIC_0072581,2
ISIC_0059105,2
ISIC_0057898,0
ISIC_0028760,0
ISIC_0028746,0
ISIC_0033469,0
ISIC_0054089,0
ISIC_0056531,0
ISIC_0070403,0
ISIC_0057025,0
ISIC_0068642,2
ISIC_0055707,0
ISIC_0055403,0
ISIC_0069458,2
ISIC_0065453,2
ISIC_0033863,0
ISIC_0011329,0
ISIC_0056585,2
ISIC_0058768,0
ISIC_0033166,0
ISIC_0059830,0
ISIC_0062936,2
ISIC_0024323,0
ISIC_0024984,2
ISIC_0062286,0
ISIC_0063091,2
ISIC_0067097,0
ISIC_0000551,0
ISIC_0029278,2
ISIC_0063499,2
ISIC_0058368,0
ISIC_0057787,0
ISIC_0068810,2
ISIC_0055441,2
ISIC_0072260,2
ISIC_0059027,0
ISIC_0071665,2
ISIC_0062497,0
ISIC_0067089,2
ISIC_0059362,0
ISIC_0069475,0
ISIC_0053960,0
ISIC_0034120,0
ISIC_0058880,0
ISIC_0026324,2
ISIC_0024702,0
ISIC_0058188,2
ISIC_0061483,2
ISIC_0071955,2
ISIC_0026105,0
ISIC_0070814,0
ISIC_0070711,0
ISIC_0065089,0
ISIC_0053695,2
ISIC_0066448,0
ISIC_0071048,0
ISIC_0067208,0
ISIC_0067595,2
ISIC_0024525,0
ISIC_0057020,2
ISIC_0001142_downsampled,0
ISIC_0059307,2
ISIC_0013073_downsampled,0
ISIC_0061303,2
ISIC_0060053,2
ISIC_0063692,0
ISIC_0059912,2
ISIC_0054082,0
ISIC_0054912,0
ISIC_0033931,0
ISIC_0068477,0
ISIC_0056796,0
ISIC_0071111,0
ISIC_0053474,2
ISIC_0066131,2
ISIC_0060144,2
ISIC_0057918,0
ISIC_0068138,2
ISIC_0067845,0
ISIC_0058380,0
ISIC_0059012,2
ISIC_0066367,0
ISIC_0058751,2
ISIC_0061866,2
ISIC_0070160,0
ISIC_0058206,0
ISIC_0062686,0
ISIC_0072433,2
ISIC_0030014,0
ISIC_0027604,0
ISIC_0028978,2
ISIC_0059920,2
ISIC_0056660,0
ISIC_0061741,0
ISIC_0066520,0
ISIC_0060163,0
ISIC_0059393,2
ISIC_0066637,0
ISIC_0032841,0
ISIC_0065721,2
ISIC_0054756,0
ISIC_0066181,0
ISIC_0054161,2
ISIC_0068898,2
ISIC_0062349,2
ISIC_0056984,0
ISIC_0014349_downsampled,0
ISIC_0068798,0
ISIC_0058520,2
ISIC_0027187,0
ISIC_0013842_downsampled,0
ISIC_0056118,0
ISIC_0061699,0
ISIC_0072138,2
ISIC_0000311,0
ISIC_0070817,2
ISIC_0054906,0
ISIC_0027900,0
ISIC_0054353,2
ISIC_0071632,0
ISIC_0065953,2
ISIC_0030767,2
ISIC_0064788,2
ISIC_0067301,2
ISIC_0070990,0
ISIC_0000150_downsampled,0
ISIC_0062093,2
ISIC_0054972,2
ISIC_0055054,0
ISIC_0065849,2
ISIC_0013572_downsampled,0
ISIC_0059987,0
ISIC_0069133,2
ISIC_0058753,0
ISIC_0029820,2
ISIC_0059291,0
ISIC_0061621,2
ISIC_0033603,0
ISIC_0054993,2
ISIC_0009905,0
ISIC_0062864,0
ISIC_0027590,0
ISIC_0032030,2
ISIC_0072978,2
ISIC_0060526,0
ISIC_0062473,2
ISIC_0058501,0
ISIC_0065307,0
ISIC_0068338,2
ISIC_0024743,2
ISIC_0062125,0
ISIC_0028017,0
ISIC_0058611,2
ISIC_0053671,0
ISIC_0056172,2
ISIC_0030552,0
ISIC_0053873,2
ISIC_0067020,2
ISIC_0063757,0
ISIC_0069754,2
ISIC_0071513,2
ISIC_0033217,0
ISIC_0034242,0
ISIC_0068933,2
ISIC_0067264,2
ISIC_0069773,2
ISIC_0069132,2
ISIC_0067088,2
ISIC_0058791,0
ISIC_0028352,0
ISIC_0000299,0
ISIC_0066310,2
ISIC_0058025,2
ISIC_0064887,0
ISIC_0070060,2
ISIC_0064603,2
ISIC_0055529,2
ISIC_0064351,2
ISIC_0062817,2
ISIC_0055135,2
ISIC_0033152,0
ISIC_0063702,2
ISIC_0068915,2
ISIC_0060020,2
ISIC_0054229,0
ISIC_0056042,2
ISIC_0068957,2
ISIC_0067032,2
ISIC_0072380,0
ISIC_0066058,0
ISIC_0068461,2
ISIC_0056953,2
ISIC_0057050,2
ISIC_0028693,2
ISIC_0058687,2
ISIC_0063492,0
ISIC_0073154,2
ISIC_0059854,2
ISIC_0070743,0
ISIC_0061085,0
ISIC_0000547,0
ISIC_0060298,2
ISIC_0055779,2
ISIC_0063649,2
ISIC_0059427,0
ISIC_0063528,0
ISIC_0024411,2
ISIC_0072732,2
ISIC_0029919,2
ISIC_0059551,0
ISIC_0056714,2
ISIC_0064456,2
ISIC_0070994,2
ISIC_0056422,0
ISIC_0061088,2
ISIC_0058548,0
ISIC_0065797,2
ISIC_0065739,2
ISIC_0071377,2
ISIC_0072111,0
ISIC_0028350,2
ISIC_0059318,0
ISIC_0070453,2
ISIC_0062454,0
ISIC_0014920_downsampled,0
ISIC_0059200,2
ISIC_0034188,0
ISIC_0031057,2
ISIC_0067063,2
ISIC_0057033,0
ISIC_0067386,2
ISIC_0031175,2
ISIC_0000054_downsampled,0
ISIC_0025592,0
ISIC_0055744,2
ISIC_0066969,0
ISIC_0070911,2
ISIC_0034068,0
ISIC_0059680,2
ISIC_0062350,0
ISIC_0070315,2
ISIC_0068962,0
ISIC_0033037,0
ISIC_0057442,2
ISIC_0060502,0
ISIC_0055401,2
ISIC_0057397,0
ISIC_0014082_downsampled,0
ISIC_0030824,0
ISIC_0057273,2
ISIC_0000152_downsampled,0
ISIC_0068882,0
ISIC_0070652,2
ISIC_0027146,2
ISIC_0033317,0
ISIC_0029726,0
ISIC_0064652,2
ISIC_0058304,2
ISIC_0055893,2
ISIC_0025363,0
ISIC_0054506,0
ISIC_0070313,0
ISIC_0055555,2
ISIC_0026831,2
ISIC_0058298,0
ISIC_0065029,0
ISIC_0063866,0
ISIC_0068294,0
ISIC_0068800,0
ISIC_0061159,0
ISIC_0055008,0
ISIC_0066939,2
ISIC_0068920,2
ISIC_0028652,2
ISIC_0062733,2
ISIC_0063352,2
ISIC_0062834,2
ISIC_0032415,2
ISIC_0058415,2
ISIC_0071859,2
ISIC_0064266,0
ISIC_0030403,2
ISIC_0055743,0
ISIC_0064443,2
ISIC_0058065,2
ISIC_0067492,2
ISIC_0072991,0
ISIC_0055462,0
ISIC_0062393,2
ISIC_0055474,0
ISIC_0070489,0
ISIC_0071746,0
ISIC_0028568,2
ISIC_0055317,0
ISIC_0073247,2
ISIC_0061277,2
ISIC_0056917,2
ISIC_0065308,2
ISIC_0000146_downsampled,0
ISIC_0025417,2
ISIC_0053810,0
ISIC_0059773,0
ISIC_0066518,0
ISIC_0063168,0
ISIC_0030233,2
ISIC_0027832,0
ISIC_0071400,2
ISIC_0054055,2
ISIC_0066144,2
ISIC_0054520,0
ISIC_0058903,2
ISIC_0060099,0
ISIC_0014219_downsampled,0
ISIC_0056218,2
ISIC_0063892,2
ISIC_0029193,2
ISIC_0062007,2
ISIC_0072127,2
ISIC_0058307,0
ISIC_0058434,2
ISIC_0056228,0
ISIC_0032777,2
ISIC_0059892,0
ISIC_0064210,2
ISIC_0032081,0
ISIC_0072983,0
ISIC_0057755,2
ISIC_0026154,2
ISIC_0058651,2
ISIC_0059748,2
ISIC_0060928,2
ISIC_0031186,0
ISIC_0064247,0
ISIC_0058389,2
ISIC_0065210,0
ISIC_0066164,2
ISIC_0062684,0
ISIC_0065022,0
ISIC_0063496,0
ISIC_0072747,0
ISIC_0065835,2
ISIC_0066774,2
ISIC_0062235,0
ISIC_0060145,2
ISIC_0067395,0
ISIC_0055681,2
ISIC_0060397,0
ISIC_0000153_downsampled,0
ISIC_0071869,0
ISIC_0055399,2
ISIC_0033663,0
ISIC_0055065,2
ISIC_0069794,2
ISIC_0057837,0
ISIC_0069235,2
ISIC_0054607,2
ISIC_0061096,2
ISIC_0063258,0
ISIC_0011139,0
ISIC_0070039,2
ISIC_0057255,2
ISIC_0073161,2
ISIC_0066182,0
ISIC_0057292,2
ISIC_0068048,0
ISIC_0059668,0
ISIC_0029647,2
ISIC_0056537,0
ISIC_0069732,2
ISIC_0067967,2
ISIC_0064099,2
ISIC_0027306,0
ISIC_0029805,2
ISIC_0070975,2
ISIC_0010036,0
ISIC_0015229_downsampled,0
ISIC_0072889,0
ISIC_0062447,0
ISIC_0030096,2
ISIC_0056205,2
ISIC_0014221_downsampled,0
ISIC_0057977,2
ISIC_0063693,0
ISIC_0030134,0
ISIC_0059611,0
ISIC_0066623,2
ISIC_0061188,0
ISIC_0056918,2
ISIC_0055614,2
ISIC_0065417,0
ISIC_0033905,0
ISIC_0071763,2
ISIC_0064448,0
ISIC_0071266,2
ISIC_0033369,0
ISIC_0067131,2
ISIC_0010029,0
ISIC_0033193,0
ISIC_0030964,2
ISIC_0058339,2
ISIC_0072642,0
ISIC_0064885,2
ISIC_0064646,0
ISIC_0068646,0
ISIC_0054773,2
ISIC_0025285,2
ISIC_0072204,0
ISIC_0028739,2
ISIC_0070138,2
ISIC_0054782,2
ISIC_0058782,2
ISIC_0025265,0
ISIC_0065830,2
ISIC_0059768,0
ISIC_0053514,2
ISIC_0063960,0
ISIC_0027442,0
ISIC_0027260,0
ISIC_0062721,0
ISIC_0029571,0
ISIC_0068355,2
ISIC_0027144,0
ISIC_0057782,0
ISIC_0061076,2
ISIC_0031554,0
ISIC_0060381,2
ISIC_0058711,2
ISIC_0011140,0
ISIC_0067291,2
ISIC_0067146,2
ISIC_0057015,0
ISIC_0057821,0
ISIC_0067243,0
ISIC_0027069,0
ISIC_0062016,0
ISIC_0060267,2
ISIC_0060949,0
ISIC_0053947,0
ISIC_0054957,2
ISIC_0027526,2
ISIC_0030197,2
ISIC_0054279,2
ISIC_0059317,2
ISIC_0062048,0
ISIC_0069575,2
ISIC_0060983,2
ISIC_0054881,2
ISIC_0064161,0
ISIC_0058698,2
ISIC_0009993,0
ISIC_0069525,2
ISIC_0033801,0
ISIC_0071324,0
ISIC_0070285,0
ISIC_0054158,2
ISIC_0057132,2
ISIC_0061355,0
ISIC_0058851,0
ISIC_0060684,2
ISIC_0056208,0
ISIC_0057634,0
ISIC_0053537,2
ISIC_0059199,2
ISIC_0059688,2
ISIC_0057913,0
ISIC_0060622,2
ISIC_0059248,0
ISIC_0068136,2
ISIC_0034155,2
ISIC_0034118,0
ISIC_0067998,2
ISIC_0025409,0
ISIC_0026489,0
ISIC_0057069,2
ISIC_0027966,2
ISIC_0053762,2
ISIC_0057288,2
ISIC_0033399,0
ISIC_0064934,0
ISIC_0067893,0
ISIC_0064877,0
ISIC_0069088,2
ISIC_0069292,0
ISIC_0068188,0
ISIC_0060147,0
ISIC_0059686,0
ISIC_0069215,2
ISIC_0063373,0
ISIC_0028777,0
ISIC_0029473,0
ISIC_0056144,2
ISIC_0064752,0
ISIC_0031095,2
ISIC_0026656,2
ISIC_0033496,0
ISIC_0061686,0
ISIC_0027175,2
ISIC_0057989,2
ISIC_0057747,0
ISIC_0014434_downsampled,0
ISIC_0029856,2
ISIC_0070721,2
ISIC_0054968,2
ISIC_0053469,0
ISIC_0061100,2
ISIC_0067460,0
ISIC_0060418,2
ISIC_0063200,2
ISIC_0027090,2
ISIC_0069589,2
ISIC_0066282,2
ISIC_0055510,2
ISIC_0061334,0
ISIC_0062133,0
ISIC_0066429,0
ISIC_0072048,2
ISIC_0066431,2
ISIC_0058383,0
ISIC_0056483,0
ISIC_0058149,0
ISIC_0056309,0
ISIC_0060152,0
ISIC_0054518,2
ISIC_0013414_downsampled,0
ISIC_0061543,2
ISIC_0064224,2
ISIC_0065790,2
ISIC_0010863,0
ISIC_0060101,2
ISIC_0010251,0
ISIC_0033981,0
ISIC_0067818,2
ISIC_0063673,2
ISIC_0062090,2
ISIC_0068900,0
ISIC_0062523,0
ISIC_0067832,2
ISIC_0063289,0
ISIC_0057885,2
ISIC_0027076,0
ISIC_0059538,0
ISIC_0000466,0
ISIC_0055353,2
ISIC_0066376,0
ISIC_0030868,2
ISIC_0070422,0
ISIC_0060731,0
ISIC_0071045,0
ISIC_0063640,2
ISIC_0057251,0
ISIC_0071800,0
ISIC_0058680,2
ISIC_0069459,0
ISIC_0026343,2
ISIC_0069082,2
ISIC_0061202,2
ISIC_0026622,0
ISIC_0055836,2
ISIC_0057169,0
ISIC_0060817,0
ISIC_0072245,2
ISIC_0060591,2
ISIC_0059330,0
ISIC_0070684,2
ISIC_0066329,2
ISIC_0066473,2
ISIC_0060525,0
ISIC_0068580,0
ISIC_0063514,2
ISIC_0056214,0
ISIC_0066210,2
ISIC_0070236,2
ISIC_0062029,0
ISIC_0064510,2
ISIC_0062827,0
ISIC_0068399,2
ISIC_0071163,2
ISIC_0065028,2
ISIC_0013986_downsampled,0
ISIC_0065658,0
ISIC_0062944,0
ISIC_0055850,2
ISIC_0063808,2
ISIC_0054629,0
ISIC_0068339,2
ISIC_0053843,0
ISIC_0067876,2
ISIC_0072131,2
ISIC_0033269,0
ISIC_0025391,0
ISIC_0029034,2
ISIC_0053858,2
ISIC_0059802,2
ISIC_0071133,0
ISIC_0070068,0
ISIC_0063926,0
ISIC_0066878,0
ISIC_0058797,2
ISIC_0001118_downsampled,0
ISIC_0057611,0
ISIC_0066532,0
ISIC_0028467,0
ISIC_0067753,2
ISIC_0067831,0
ISIC_0000290,0
ISIC_0063697,2
ISIC_0059989,2
ISIC_0063164,0
ISIC_0027651,0
ISIC_0065141,2
ISIC_0060638,0
ISIC_0066332,0
ISIC_0068832,2
ISIC_0057804,2
ISIC_0054796,0
ISIC_0014144_downsampled,0
ISIC_0063457,0
ISIC_0071289,0
ISIC_0066107,2
ISIC_0014331_downsampled,0
ISIC_0063747,2
ISIC_0065069,0
ISIC_0054633,2
ISIC_0025971,2
ISIC_0064393,0
ISIC_0072345,2
ISIC_0070309,2
ISIC_0069652,2
ISIC_0032258,0
ISIC_0069703,2
ISIC_0058376,0
ISIC_0011135,0
ISIC_0055178,2
ISIC_0056229,2
ISIC_0058474,2
ISIC_0068200,0
ISIC_0069180,2
ISIC_0064589,0
ISIC_0062547,0
ISIC_0033728,0
ISIC_0069059,0
ISIC_0060687,2
ISIC_0064148,2
ISIC_0031146,0
ISIC_0028419,2
ISIC_0066940,2
ISIC_0059218,0
ISIC_0068707,2
ISIC_0071768,0
ISIC_0026439,2
ISIC_0067102,0
ISIC_0063033,2
ISIC_0066125,2
ISIC_0013500_downsampled,0
ISIC_0070227,0
ISIC_0062821,0
ISIC_0058267,0
ISIC_0025413,0
ISIC_0067277,2
ISIC_0054527,0
ISIC_0066203,0
ISIC_0029831,2
ISIC_0031795,0
ISIC_0071910,0
ISIC_0028577,2
ISIC_0000302,0
ISIC_0057009,0
ISIC_0029242,0
ISIC_0066355,0
ISIC_0064814,2
ISIC_0072434,2
ISIC_0026528,2
ISIC_0057901,2
ISIC_0068124,2
ISIC_0073109,2
ISIC_0070728,2
ISIC_0000078_downsampled,0
ISIC_0062626,0
ISIC_0058169,2
ISIC_0054085,0
ISIC_0053456,0
ISIC_0059394,2
ISIC_0065031,2
ISIC_0060338,2
ISIC_0070151,2
ISIC_0057168,2
ISIC_0057233,2
ISIC_0065605,2
ISIC_0069828,2
ISIC_0073148,2
ISIC_0068815,2
ISIC_0066678,0
ISIC_0014229_downsampled,0
ISIC_0053660,0
ISIC_0055771,0
ISIC_0061955,2
ISIC_0027629,2
ISIC_0064519,2
ISIC_0014108_downsampled,0
ISIC_0033653,0
ISIC_0063458,2
ISIC_0055378,0
ISIC_0033261,0
ISIC_0069712,2
ISIC_0067317,0
ISIC_0010597,0
ISIC_0061900,0
ISIC_0056044,0
ISIC_0059015,2
ISIC_0063586,2
ISIC_0069503,2
ISIC_0063485,2
ISIC_0034256,0
ISIC_0066347,0
ISIC_0071599,2
ISIC_0029480,0
ISIC_0058285,0
ISIC_0058432,0
ISIC_0014369_downsampled,0
ISIC_0073225,2
ISIC_0070312,2
ISIC_0028323,2
ISIC_0024931,2
ISIC_0063171,2
ISIC_0057915,2
ISIC_0059076,0
ISIC_0068527,0
ISIC_0067021,2
ISIC_0064226,2
ISIC_0028584,0
ISIC_0071172,2
ISIC_0034064,0
ISIC_0069971,2
ISIC_0072549,2
ISIC_0059755,2
ISIC_0071119,0
ISIC_0070463,0
ISIC_0066734,0
ISIC_0058310,2
ISIC_0058286,2
ISIC_0029513,0
ISIC_0064340,2
ISIC_0033975,0
ISIC_0065407,2
ISIC_0033362,0
ISIC_0054924,2
ISIC_0015180_downsampled,0
ISIC_0034089,0
ISIC_0013975_downsampled,0
ISIC_0059764,0
ISIC_0056265,2
ISIC_0032888,0
ISIC_0015193_downsampled,0
ISIC_0061625,0
ISIC_0062191,2
ISIC_0025718,2
ISIC_0062303,2
ISIC_0070585,0
ISIC_0069593,0
ISIC_0054539,2
ISIC_0064066,0
ISIC_0030440,0
ISIC_0054227,2
ISIC_0031718,0
ISIC_0025313,0
ISIC_0033232,0
ISIC_0026950,0
ISIC_0055105,0
ISIC_0027915,2
ISIC_0067653,0
ISIC_0053790,0
ISIC_0033047,0
ISIC_0064354,2
ISIC_0025121,0
ISIC_0010000,0
ISIC_0066143,0
ISIC_0072293,2
ISIC_0056411,2
ISIC_0058218,0
ISIC_0030324,0
ISIC_0071843,2
ISIC_0062103,0
ISIC_0033654,0
ISIC_0069329,2
ISIC_0071398,2
ISIC_0070661,2
ISIC_0070824,2
ISIC_0059692,2
ISIC_0059009,2
ISIC_0011374,0
ISIC_0054290,0
ISIC_0071236,2
ISIC_0014173_downsampled,0
ISIC_0054339,2
ISIC_0069582,2
ISIC_0061624,0
ISIC_0073097,0
ISIC_0000165,0
ISIC_0066070,2
ISIC_0014423_downsampled,0
ISIC_0057086,2
ISIC_0056571,2
ISIC_0027261,0
ISIC_0066649,0
ISIC_0025793,2
ISIC_0057825,2
ISIC_0055021,2
ISIC_0014919_downsampled,0
ISIC_0056900,0
ISIC_0067667,0
ISIC_0000175,0
ISIC_0068640,2
ISIC_0069918,0
ISIC_0055293,0
ISIC_0070831,2
ISIC_0055600,2
ISIC_0064544,2
ISIC_0064439,2
ISIC_0055349,2
ISIC_0024448,2
ISIC_0072052,2
ISIC_0034074,0
ISIC_0033336,0
ISIC_0061257,0
ISIC_0063985,2
ISIC_0067339,0
ISIC_0070231,2
ISIC_0027631,2
ISIC_0067889,0
ISIC_0028728,2
ISIC_0031009,2
ISIC_0027478,2
ISIC_0071346,0
ISIC_0069956,2
ISIC_0068451,2
ISIC_0069210,0
ISIC_0028994,2
ISIC_0065362,2
ISIC_0070412,0
ISIC_0061921,0
ISIC_0072994,2
ISIC_0032307,2
ISIC_0061077,0
ISIC_0066238,2
ISIC_0066921,0
ISIC_0032022,2
ISIC_0054170,2
ISIC_0026954,0
ISIC_0064026,0
ISIC_0068115,0
ISIC_0065943,0
ISIC_0062355,2
ISIC_0064376,0
ISIC_0059273,0
ISIC_0055914,2
ISIC_0054567,2
ISIC_0066119,2
ISIC_0063007,2
ISIC_0029466,2
ISIC_0059919,0
ISIC_0065999,2
ISIC_0055897,2
ISIC_0030333,0
ISIC_0066380,2
ISIC_0069524,2
ISIC_0065846,2
ISIC_0031943,2
ISIC_0030080,0
ISIC_0034140,0
ISIC_0032862,0
ISIC_0025603,0
ISIC_0027797,0
ISIC_0059738,0
ISIC_0001105_downsampled,0
ISIC_0032975,0
ISIC_0060832,0
ISIC_0031550,0
ISIC_0032850,2
ISIC_0068907,0
ISIC_0026604,0
ISIC_0029547,0
ISIC_0024436,2
ISIC_0055739,0
ISIC_0030653,0
ISIC_0060193,2
ISIC_0055291,2
ISIC_0057058,2
ISIC_0030277,0
ISIC_0057845,0
ISIC_0024572,2
ISIC_0065397,2
ISIC_0072358,0
ISIC_0054544,0
ISIC_0072010,0
ISIC_0057328,0
ISIC_0061583,0
ISIC_0065324,0
ISIC_0056209,0
ISIC_0072365,2
ISIC_0070927,0
ISIC_0071568,0
ISIC_0067681,2
ISIC_0056177,2
ISIC_0067789,0
ISIC_0072750,2
ISIC_0062082,2
ISIC_0027327,0
ISIC_0060238,0
ISIC_0054346,2
ISIC_0064503,0
ISIC_0060487,0
ISIC_0068346,2
ISIC_0063342,2
ISIC_0059450,0
ISIC_0033274,0
ISIC_0013491_downsampled,0
ISIC_0054459,0
ISIC_0067110,2
ISIC_0070018,0
ISIC_0054343,2
ISIC_0062639,0
ISIC_0070235,0
ISIC_0056817,0
ISIC_0058472,2
ISIC_0071589,2
ISIC_0061313,2
ISIC_0053813,2
ISIC_0063101,2
ISIC_0059601,0
ISIC_0000167,0
ISIC_0065391,2
ISIC_0055241,0
ISIC_0063190,0
ISIC_0070081,2
ISIC_0055404,0
ISIC_0059134,2
ISIC_0056560,2
ISIC_0054350,0
ISIC_0070461,2
ISIC_0065047,2
ISIC_0031711,0
ISIC_0059006,2
ISIC_0024679,0
ISIC_0032194,2
ISIC_0057456,2
ISIC_0058909,0
ISIC_0054649,2
ISIC_0069705,0
ISIC_0057732,2
ISIC_0057190,2
ISIC_0066541,2
ISIC_0031915,0
ISIC_0057275,2
ISIC_0070953,2
ISIC_0070316,0
ISIC_0057104,2
ISIC_0029515,2
ISIC_0025826,2
ISIC_0028291,0
ISIC_0068639,2
ISIC_0064975,2
ISIC_0070419,0
ISIC_0055337,0
ISIC_0071890,2
ISIC_0056995,2
ISIC_0072427,2
ISIC_0064310,2
ISIC_0057604,2
ISIC_0071603,2
ISIC_0025509,2
ISIC_0064357,2
ISIC_0031339,0
ISIC_0015200_downsampled,0
ISIC_0060248,0
ISIC_0014826_downsampled,0
ISIC_0033813,0
ISIC_0061950,0
ISIC_0070539,2
ISIC_0057333,2
ISIC_0030754,0
ISIC_0064612,2
ISIC_0068747,0
ISIC_0061250,0
ISIC_0066783,0
ISIC_0067778,2
ISIC_0069382,2
ISIC_0032265,0
ISIC_0055629,2
ISIC_0058713,0
ISIC_0062664,2
ISIC_0064910,0
ISIC_0064134,0
ISIC_0069639,2
ISIC_0058898,2
ISIC_0072082,2
ISIC_0054156,2
ISIC_0069104,2
ISIC_0014132_downsampled,0
ISIC_0070201,2
ISIC_0062474,0
ISIC_0063881,0
ISIC_0014308_downsampled,0
ISIC_0030687,2
ISIC_0011151,0
ISIC_0059069,0
ISIC_0071043,0
ISIC_0069938,0
ISIC_0070700,2
ISIC_0056563,2
ISIC_0028113,2
ISIC_0056236,2
ISIC_0059930,2
ISIC_0014289_downsampled,0
ISIC_0034094,0
ISIC_0067279,2
ISIC_0055503,0
ISIC_0056703,2
ISIC_0028928,2
ISIC_0033612,0
ISIC_0068064,0
ISIC_0027659,0
ISIC_0064307,0
ISIC_0069622,0
ISIC_0059387,0
ISIC_0010240,0
ISIC_0058765,2
ISIC_0065746,0
ISIC_0060112,2
ISIC_0059495,0
ISIC_0062802,2
ISIC_0070942,2
ISIC_0061052,0
ISIC_0066525,2
ISIC_0055271,2
ISIC_0067417,0
ISIC_0060825,2
ISIC_0064156,2
ISIC_0064841,2
ISIC_0061738,2
ISIC_0031154,2
ISIC_0069188,2
ISIC_0066979,2
ISIC_0068489,2
ISIC_0032915,0
ISIC_0066497,0
ISIC_0025322,2
ISIC_0061626,0
ISIC_0073113,2
ISIC_0030795,0
ISIC_0072698,2
ISIC_0062713,0
ISIC_0062492,2
ISIC_0033644,0
ISIC_0024315,0
ISIC_0053678,2
ISIC_0062356,2
ISIC_0032894,2
ISIC_0061473,2
ISIC_0059632,0
ISIC_0000030_downsampled,0
ISIC_0057594,0
ISIC_0056139,2
ISIC_0056601,0
ISIC_0065367,0
ISIC_0013867_downsampled,0
ISIC_0054979,0
ISIC_0067443,0
ISIC_0059994,2
ISIC_0067487,0
ISIC_0025450,0
ISIC_0060728,0
ISIC_0061709,0
ISIC_0068777,2
ISIC_0059742,2
ISIC_0033624,0
ISIC_0060653,0
ISIC_0055969,2
ISIC_0071693,0
ISIC_0062077,0
ISIC_0066384,0
ISIC_0063981,0
ISIC_0057318,2
ISIC_0068717,0
ISIC_0062270,2
ISIC_0014061_downsampled,0
ISIC_0070065,0
ISIC_0057235,0
ISIC_0062477,0
ISIC_0055783,0
ISIC_0064038,2
ISIC_0056921,0
ISIC_0058426,0
ISIC_0066430,0
ISIC_0072140,2
ISIC_0068778,0
ISIC_0067256,2
ISIC_0064033,0
ISIC_0069840,2
ISIC_0062902,2
ISIC_0060222,0
ISIC_0030094,2
ISIC_0058040,0
ISIC_0065879,2
ISIC_0059865,2
ISIC_0060823,2
ISIC_0067515,0
ISIC_0070070,0
ISIC_0068878,2
ISIC_0062915,2
ISIC_0069332,2
ISIC_0058063,0
ISIC_0053511,2
ISIC_0062914,0
ISIC_0027846,2
ISIC_0056497,2
ISIC_0028556,2
ISIC_0064109,2
ISIC_0069891,0
ISIC_0056259,2
ISIC_0055825,0
ISIC_0026337,2
ISIC_0063503,2
ISIC_0064679,2
ISIC_0061606,0
ISIC_0030446,2
ISIC_0054735,2
ISIC_0033636,0
ISIC_0058832,2
ISIC_0029216,0
ISIC_0071806,0
ISIC_0071208,0
ISIC_0067999,2
ISIC_0063149,2
ISIC_0026593,2
ISIC_0031189,0
ISIC_0060143,0
ISIC_0011387,0
ISIC_0066150,0
ISIC_0069443,2
ISIC_0069536,0
ISIC_0034066,2
ISIC_0070088,2
ISIC_0031779,0
ISIC_0065972,2
ISIC_0070825,2
ISIC_0065971,2
ISIC_0063813,0
ISIC_0069574,2
ISIC_0063946,0
ISIC_0055362,0
ISIC_0067554,2
ISIC_0067674,2
ISIC_0071979,2
ISIC_0059209,0
ISIC_0058138,0
ISIC_0059324,2
ISIC_0029495,0
ISIC_0013833_downsampled,0
ISIC_0060883,0
ISIC_0025691,2
ISIC_0072582,0
ISIC_0061915,0
ISIC_0060645,2
ISIC_0071808,0
ISIC_0033843,0
ISIC_0013141_downsampled,0
ISIC_0064507,0
ISIC_0030255,0
ISIC_0058625,0
ISIC_0055940,2
ISIC_0066894,2
ISIC_0066098,0
ISIC_0063792,0
ISIC_0070789,2
ISIC_0058220,2
ISIC_0059074,0
ISIC_0000517,0
ISIC_0063825,2
ISIC_0073229,2
ISIC_0070435,0
ISIC_0057371,0
ISIC_0053933,0
ISIC_0033055,0
ISIC_0072557,0
ISIC_0067345,2
ISIC_0069324,0
ISIC_0030746,2
ISIC_0064578,2
ISIC_0056839,0
ISIC_0063971,0
ISIC_0070748,2
ISIC_0029391,2
ISIC_0053735,2
ISIC_0057336,2
ISIC_0056969,0
ISIC_0059066,0
ISIC_0072223,0
ISIC_0061026,2
ISIC_0064349,0
ISIC_0027350,0
ISIC_0055289,0
ISIC_0026282,2
ISIC_0068025,2
ISIC_0053615,0
ISIC_0067510,0
ISIC_0025500,0
ISIC_0027163,0
ISIC_0070166,0
ISIC_0068946,2
ISIC_0068628,0
ISIC_0058268,2
ISIC_0068273,0
ISIC_0066506,0
ISIC_0058591,2
ISIC_0053491,0
ISIC_0065447,2
ISIC_0069185,2
ISIC_0061571,2
ISIC_0063827,2
ISIC_0031741,0
ISIC_0060107,2
ISIC_0057173,0
ISIC_0060859,2
ISIC_0057631,0
ISIC_0060376,0
ISIC_0055471,2
ISIC_0072730,0
ISIC_0014062_downsampled,0
ISIC_0058135,0
ISIC_0068813,2
ISIC_0070101,2
ISIC_0070108,0
ISIC_0060386,0
ISIC_0054524,2
ISIC_0060968,0
ISIC_0059793,2
ISIC_0067139,0
ISIC_0066544,2
ISIC_0057828,0
ISIC_0054395,0
ISIC_0013861_downsampled,0
ISIC_0054189,2
ISIC_0058420,2
ISIC_0059170,0
ISIC_0069091,0
ISIC_0065082,2
ISIC_0056220,2
ISIC_0054299,2
ISIC_0013499_downsampled,0
ISIC_0063109,0
ISIC_0058050,0
ISIC_0064734,2
ISIC_0067458,0
ISIC_0033874,0
ISIC_0029453,0
ISIC_0025644,2
ISIC_0032497,2
ISIC_0026687,2
ISIC_0061490,2
ISIC_0067816,0
ISIC_0033301,2
ISIC_0056849,0
ISIC_0073122,2
ISIC_0034052,0
ISIC_0061419,2
ISIC_0067766,2
ISIC_0029780,0
ISIC_0032960,0
ISIC_0028897,0
ISIC_0058699,2
ISIC_0030689,0
ISIC_0032699,0
ISIC_0032913,0
ISIC_0059506,0
ISIC_0065334,2
ISIC_0000166,0
ISIC_0027525,2
ISIC_0067819,2
ISIC_0060439,2
ISIC_0067253,0
ISIC_0053980,0
ISIC_0033560,0
ISIC_0061437,2
ISIC_0024675,0
ISIC_0067600,2
ISIC_0057550,0
ISIC_0063284,2
ISIC_0056089,0
ISIC_0069153,2
ISIC_0068047,2
ISIC_0000395_downsampled,0
ISIC_0063829,0
ISIC_0030417,0
ISIC_0055976,0
ISIC_0068345,2
ISIC_0056730,2
ISIC_0071199,2
ISIC_0060702,2
ISIC_0069203,2
ISIC_0014545_downsampled,0
ISIC_0058155,2
ISIC_0000143_downsampled,0
ISIC_0055409,2
ISIC_0068159,2
ISIC_0062709,0
ISIC_0065056,2
ISIC_0071904,0
ISIC_0057384,2
ISIC_0073059,2
ISIC_0058798,0
ISIC_0062601,2
ISIC_0024886,0
ISIC_0031350,0
ISIC_0055665,0
ISIC_0033226,0
ISIC_0070913,0
ISIC_0059845,2
ISIC_0025557,2
ISIC_0063779,2
ISIC_0061446,0
ISIC_0031698,2
ISIC_0054625,0
ISIC_0066570,2
ISIC_0025755,0
ISIC_0060927,2
ISIC_0072583,2
ISIC_0058897,2
ISIC_0064684,2
ISIC_0059229,0
ISIC_0031166,2
ISIC_0058482,2
ISIC_0069191,2
ISIC_0015079_downsampled,0
ISIC_0010587,0
ISIC_0066289,0
ISIC_0024792,0
ISIC_0054038,0
ISIC_0055799,0
ISIC_0066213,0
ISIC_0057192,0
ISIC_0068255,0
ISIC_0065108,2
ISIC_0068004,2
ISIC_0071150,2
ISIC_0072626,0
ISIC_0056206,2
ISIC_0063133,0
ISIC_0064179,2
ISIC_0055351,2
ISIC_0071992,0
ISIC_0053698,0
ISIC_0064606,0
ISIC_0066666,0
ISIC_0065805,2
ISIC_0059374,2
ISIC_0027786,2
ISIC_0028968,0
ISIC_0063610,2
ISIC_0029740,0
ISIC_0063443,0
ISIC_0029575,0
ISIC_0073123,2
ISIC_0054048,0
ISIC_0032017,0
ISIC_0064639,2
ISIC_0055022,0
ISIC_0058337,2
ISIC_0067272,2
ISIC_0033807,0
ISIC_0061208,2
ISIC_0062239,0
ISIC_0054570,0
ISIC_0069163,2
ISIC_0064342,0
ISIC_0058607,0
ISIC_0058091,2
ISIC_0000487,0
ISIC_0072294,0
ISIC_0066166,2
ISIC_0067780,2
ISIC_0059435,0
ISIC_0063410,0
ISIC_0063852,0
ISIC_0029209,0
ISIC_0061894,0
ISIC_0029745,2
ISIC_0057380,2
ISIC_0063992,0
ISIC_0070950,2
ISIC_0065075,2
ISIC_0062575,0
ISIC_0029574,0
ISIC_0029192,2
ISIC_0030623,0
ISIC_0000278,0
ISIC_0068480,2
ISIC_0067274,0
ISIC_0057016,0
ISIC_0057656,0
ISIC_0066115,2
ISIC_0072694,0
ISIC_0072474,2
ISIC_0069342,2
ISIC_0071450,2
ISIC_0061891,2
ISIC_0024461,2
ISIC_0060063,2
ISIC_0000410_downsampled,0
ISIC_0054391,0
ISIC_0061862,2
ISIC_0064939,2
ISIC_0060844,2
ISIC_0061603,2
ISIC_0068869,2
ISIC_0028719,2
ISIC_0014270_downsampled,0
ISIC_0072900,2
ISIC_0069506,2
ISIC_0024961,0
ISIC_0057853,2
ISIC_0065398,0
ISIC_0057473,2
ISIC_0070846,0
ISIC_0058393,2
ISIC_0025818,2
ISIC_0000445_downsampled,0
ISIC_0065314,2
ISIC_0000147_downsampled,0
ISIC_0057263,2
ISIC_0054885,0
ISIC_0030616,0
ISIC_0072574,0
ISIC_0028442,0
ISIC_0030893,2
ISIC_0066603,0
ISIC_0060093,2
ISIC_0053545,0
ISIC_0071600,0
ISIC_0056516,2
ISIC_0032287,0
ISIC_0000285,0
ISIC_0071740,0
ISIC_0073196,2
ISIC_0026258,0
ISIC_0067988,2
ISIC_0015156_downsampled,0
ISIC_0072976,0
ISIC_0071987,2
ISIC_0053840,2
ISIC_0057161,2
ISIC_0060854,0
ISIC_0061512,2
ISIC_0057279,2
ISIC_0056692,0
ISIC_0033203,2
ISIC_0065703,2
ISIC_0025102,2
ISIC_0059884,0
ISIC_0063151,0
ISIC_0073151,2
ISIC_0054569,2
ISIC_0063748,0
ISIC_0066592,2
ISIC_0032433,0
ISIC_0012369_downsampled,0
ISIC_0064024,2
ISIC_0064875,0
ISIC_0071583,0
ISIC_0033546,0
ISIC_0064899,2
ISIC_0059644,2
ISIC_0025576,2
ISIC_0070718,2
ISIC_0059178,0
ISIC_0061183,0
ISIC_0033054,2
ISIC_0061239,2
ISIC_0069966,2
ISIC_0072087,0
ISIC_0055274,2
ISIC_0066816,2
ISIC_0013588_downsampled,0
ISIC_0055455,2
ISIC_0058412,2
ISIC_0066155,2
ISIC_0000413_downsampled,0
ISIC_0059816,0
ISIC_0034161,2
ISIC_0055775,2
ISIC_0056138,0
ISIC_0066697,2
ISIC_0062332,2
ISIC_0032690,0
ISIC_0057762,0
ISIC_0030528,2
ISIC_0061290,2
ISIC_0059642,2
ISIC_0067439,2
ISIC_0053591,2
ISIC_0061056,2
ISIC_0024911,0
ISIC_0068176,0
ISIC_0053550,2
ISIC_0063606,0
ISIC_0068783,2
ISIC_0056321,2
ISIC_0000393_downsampled,0
ISIC_0034143,2
ISIC_0070490,2
ISIC_0026868,0
ISIC_0061470,2
ISIC_0061918,0
ISIC_0062231,2
ISIC_0027976,2
ISIC_0066717,2
ISIC_0062825,2
ISIC_0056479,0
ISIC_0067679,2
ISIC_0054390,2
ISIC_0066102,0
ISIC_0058660,0
ISIC_0069410,0
ISIC_0072564,0
ISIC_0033300,0
ISIC_0067497,2
ISIC_0070761,2
ISIC_0059366,2
ISIC_0070717,2
ISIC_0072286,0
ISIC_0060370,2
ISIC_0068394,0
ISIC_0029545,2
ISIC_0055254,0
ISIC_0063690,0
ISIC_0000293,0
ISIC_0057083,0
ISIC_0073061,2
ISIC_0033192,0
ISIC_0053766,0
ISIC_0031557,0
ISIC_0063563,2
ISIC_0059017,2
ISIC_0056428,0
ISIC_0063283,2
ISIC_0066881,2
ISIC_0059440,0
ISIC_0032331,0
ISIC_0057680,2
ISIC_0010235,0
ISIC_0070816,0
ISIC_0033416,0
ISIC_0072542,0
ISIC_0031169,2
ISIC_0053828,0
ISIC_0068818,0
ISIC_0026115,0
ISIC_0027038,2
ISIC_0071648,0
ISIC_0014190_downsampled,0
ISIC_0011128,0
ISIC_0010174,0
ISIC_0059135,2
ISIC_0055554,2
ISIC_0071827,0
ISIC_0014872_downsampled,0
ISIC_0069391,0
ISIC_0014963_downsampled,0
ISIC_0056246,0
ISIC_0028465,0
ISIC_0072573,2
ISIC_0064292,2
ISIC_0030843,0
ISIC_0026350,2
ISIC_0061220,2
ISIC_0033662,0
ISIC_0030915,2
ISIC_0061186,2
ISIC_0056731,2
ISIC_0014525_downsampled,0
ISIC_0072383,0
ISIC_0069014,2
ISIC_0068793,2
ISIC_0056210,0
ISIC_0071438,2
ISIC_0071287,2
ISIC_0032429,2
ISIC_0033017,0
ISIC_0030119,0
ISIC_0072835,2
ISIC_0064823,0
ISIC_0067265,2
ISIC_0025031,2
ISIC_0054241,2
ISIC_0032981,0
ISIC_0032869,0
ISIC_0062021,2
ISIC_0072523,0
ISIC_0026369,0
ISIC_0072029,2
ISIC_0032174,2
ISIC_0069988,0
ISIC_0030766,2
ISIC_0063044,2
ISIC_0057400,2
ISIC_0053884,0
ISIC_0072195,0
ISIC_0060166,2
ISIC_0011163,0
ISIC_0069514,0
ISIC_0030784,0
ISIC_0024432,2
ISIC_0072853,2
ISIC_0027702,0
ISIC_0066301,2
ISIC_0071415,0
ISIC_0064821,0
ISIC_0057662,2
ISIC_0070608,2
ISIC_0069799,2
ISIC_0055147,0
ISIC_0010016,0
ISIC_0064328,0
ISIC_0030951,0
ISIC_0072809,2
ISIC_0053863,2
ISIC_0069465,2
ISIC_0063668,2
ISIC_0071029,2
ISIC_0062096,2
ISIC_0000549,0
ISIC_0053867,2
ISIC_0030575,0
ISIC_0011295,0
ISIC_0053809,2
ISIC_0072887,0
ISIC_0061035,2
ISIC_0066200,0
ISIC_0000139_downsampled,0
ISIC_0061356,2
ISIC_0066379,0
ISIC_0055733,0
ISIC_0062637,2
ISIC_0068536,2
ISIC_0060829,0
ISIC_0064129,0
ISIC_0054905,2
ISIC_0024360,2
ISIC_0071296,2
ISIC_0064556,2
ISIC_0054302,0
ISIC_0031007,2
ISIC_0060283,2
ISIC_0065626,2
ISIC_0071778,0
ISIC_0068276,0
ISIC_0061909,2
ISIC_0069975,2
ISIC_0062926,2
ISIC_0066489,2
ISIC_0064667,0
ISIC_0065004,2
ISIC_0032046,0
ISIC_0059412,0
ISIC_0066907,0
ISIC_0055201,2
ISIC_0062799,2
ISIC_0055157,0
ISIC_0068373,2
ISIC_0027704,2
ISIC_0067464,2
ISIC_0060297,0
ISIC_0060508,0
ISIC_0064754,2
ISIC_0067485,0
ISIC_0069249,2
ISIC_0000282,0
ISIC_0060481,0
ISIC_0013455_downsampled,0
ISIC_0053814,0
ISIC_0067638,2
ISIC_0026957,2
ISIC_0058868,2
ISIC_0058744,2
ISIC_0056663,0
ISIC_0072605,2
ISIC_0066325,0
ISIC_0072891,2
ISIC_0059983,0
ISIC_0066492,0
ISIC_0058658,0
ISIC_0031408,0
ISIC_0063900,2
ISIC_0026823,0
ISIC_0025260,2
ISIC_0031378,2
ISIC_0013530_downsampled,0
ISIC_0064341,0
ISIC_0063599,2
ISIC_0054671,0
ISIC_0057439,2
ISIC_0070266,2
ISIC_0057175,2
ISIC_0072454,0
ISIC_0057903,2
ISIC_0061596,2
ISIC_0054443,2
ISIC_0068015,0
ISIC_0071345,2
ISIC_0059246,2
ISIC_0069293,0
ISIC_0055638,2
ISIC_0064515,0
ISIC_0032302,2
ISIC_0067821,0
ISIC_0064248,2
ISIC_0059627,2
ISIC_0054853,0
ISIC_0033779,0
ISIC_0026978,2
ISIC_0057569,2
ISIC_0071085,2
ISIC_0028410,0
ISIC_0057450,0
ISIC_0070566,0
ISIC_0056496,0
ISIC_0066359,0
ISIC_0013617_downsampled,0
ISIC_0060476,2
ISIC_0031177,0
ISIC_0029538,0
ISIC_0054764,2
ISIC_0067233,0
ISIC_0028086,0
ISIC_0054144,2
ISIC_0062536,0
ISIC_0055058,2
ISIC_0059212,2
ISIC_0057668,0
ISIC_0032110,0
ISIC_0072839,2
ISIC_0030782,2
ISIC_0060180,2
ISIC_0068113,2
ISIC_0032222,2
ISIC_0062899,2
ISIC_0032592,0
ISIC_0055937,0
ISIC_0068696,0
ISIC_0071967,2
ISIC_0072189,2
ISIC_0055393,0
ISIC_0000303,0
ISIC_0072693,2
ISIC_0031749,2
ISIC_0032630,0
ISIC_0059669,0
ISIC_0026586,0
ISIC_0070836,2
ISIC_0065516,0
ISIC_0072772,2
ISIC_0066707,2
ISIC_0055140,0
ISIC_0056247,0
ISIC_0000297,0
ISIC_0054402,2
ISIC_0058852,2
ISIC_0056800,0
ISIC_0065173,0
ISIC_0054191,2
ISIC_0054329,0
ISIC_0000555,0
ISIC_0062138,0
ISIC_0067719,0
ISIC_0057587,2
ISIC_0056747,2
ISIC_0068897,0
ISIC_0000281,0
ISIC_0030230,2
ISIC_0065376,2
ISIC_0012990_downsampled,0
ISIC_0069836,2
ISIC_0056967,0
ISIC_0055643,0
ISIC_0013639_downsampled,0
ISIC_0033752,0
ISIC_0024550,2
ISIC_0063964,2
ISIC_0027814,2
ISIC_0063551,0
ISIC_0060665,0
ISIC_0072807,2
ISIC_0070319,2
ISIC_0032993,0
ISIC_0010011,0
ISIC_0072063,0
ISIC_0030929,0
ISIC_0070794,0
ISIC_0071604,2
ISIC_0067409,2
ISIC_0065648,2
ISIC_0066549,2
ISIC_0061438,2
ISIC_0068581,0
ISIC_0060868,2
ISIC_0065001,0
ISIC_0067106,2
ISIC_0069002,2
ISIC_0067103,2
ISIC_0059106,2
ISIC_0028085,2
ISIC_0029655,2
ISIC_0024958,0
ISIC_0027609,2
ISIC_0060233,0
ISIC_0029839,0
ISIC_0056840,2
ISIC_0057980,0
ISIC_0058876,0
ISIC_0012887_downsampled,0
ISIC_0056263,0
ISIC_0059232,0
ISIC_0056602,2
ISIC_0010372,0
ISIC_0060874,2
ISIC_0060446,0
ISIC_0033995,0
ISIC_0069068,0
ISIC_0068231,2
ISIC_0072363,0
ISIC_0058164,0
ISIC_0061491,0
ISIC_0054487,2
ISIC_0034051,0
ISIC_0067329,2
ISIC_0054204,2
ISIC_0070264,2
ISIC_0069620,0
ISIC_0066487,2
ISIC_0066344,2
ISIC_0071414,2
ISIC_0065253,0
ISIC_0066121,2
ISIC_0061471,2
ISIC_0025081,0
ISIC_0063066,2
ISIC_0062033,2
ISIC_0058341,0
ISIC_0054844,0
ISIC_0060133,2
ISIC_0056136,0
ISIC_0067337,2
ISIC_0062583,2
ISIC_0070223,2
ISIC_0061456,2
ISIC_0061697,2
ISIC_0072640,2
ISIC_0013678_downsampled,0
ISIC_0068585,2
ISIC_0061363,2
ISIC_0054960,2
ISIC_0013472_downsampled,0
ISIC_0073249,0
ISIC_0030932,0
ISIC_0063725,0
ISIC_0033320,0
ISIC_0068505,2
ISIC_0070596,0
ISIC_0065525,0
ISIC_0064517,0
ISIC_0026433,2
ISIC_0033619,0
ISIC_0065942,2
ISIC_0066947,0
ISIC_0032535,0
ISIC_0058966,2
ISIC_0072843,0
ISIC_0067524,2
ISIC_0031844,0
ISIC_0055464,0
ISIC_0032927,0
ISIC_0058249,0
ISIC_0027507,0
ISIC_0030187,0
ISIC_0032598,0
ISIC_0030778,2
ISIC_0055720,0
ISIC_0072251,2
ISIC_0068744,0
ISIC_0058964,2
ISIC_0031272,2
ISIC_0064721,0
ISIC_0057592,2
ISIC_0032152,0
ISIC_0056790,0
ISIC_0054976,0
ISIC_0066736,2
ISIC_0069065,0
ISIC_0033248,2
ISIC_0065186,0
ISIC_0025472,0
ISIC_0056721,0
ISIC_0058774,2
ISIC_0064686,0
ISIC_0034243,0
ISIC_0056957,0
ISIC_0059869,0
ISIC_0072620,2
ISIC_0065180,0
ISIC_0013696_downsampled,0
ISIC_0031836,2
ISIC_0057257,0
ISIC_0053558,2
ISIC_0030737,2
ISIC_0063406,2
ISIC_0059165,0
ISIC_0026247,0
ISIC_0053672,2
ISIC_0064909,0
ISIC_0057705,2
ISIC_0065098,2
ISIC_0013844_downsampled,0
ISIC_0065310,2
ISIC_0059847,2
ISIC_0061548,2
ISIC_0013671_downsampled,0
ISIC_0063742,0
ISIC_0026770,0
ISIC_0029951,2
ISIC_0053507,0
ISIC_0070672,2
ISIC_0057822,2
ISIC_0030574,2
ISIC_0054929,2
ISIC_0033271,2
ISIC_0060096,0
ISIC_0071331,2
ISIC_0031640,2
ISIC_0067668,2
ISIC_0062464,2
ISIC_0060132,0
ISIC_0010349,0
ISIC_0054150,2
ISIC_0066407,0
ISIC_0033967,0
ISIC_0060671,0
ISIC_0059730,2
ISIC_0073049,2
ISIC_0053945,0
ISIC_0071555,2
ISIC_0071676,2
ISIC_0062620,2
ISIC_0054306,2
ISIC_0025748,0
ISIC_0031762,2
ISIC_0053916,0
ISIC_0072373,0
ISIC_0055091,0
ISIC_0067302,2
ISIC_0064034,0
ISIC_0058144,2
ISIC_0056190,0
ISIC_0030511,2
ISIC_0055584,2
ISIC_0072818,2
ISIC_0057352,2
ISIC_0025744,0
ISIC_0064406,0
ISIC_0000002,0
ISIC_0033504,2
ISIC_0061008,0
ISIC_0071586,0
ISIC_0070815,0
ISIC_0059128,2
ISIC_0026754,0
ISIC_0053568,2
ISIC_0057933,2
ISIC_0060307,0
ISIC_0064907,0
ISIC_0026268,0
ISIC_0054110,0
ISIC_0058240,2
ISIC_0000518,0
ISIC_0069635,0
ISIC_0066094,0
ISIC_0072993,2
ISIC_0057574,2
ISIC_0069540,0
ISIC_0013457_downsampled,0
ISIC_0066608,2
ISIC_0061206,2
ISIC_0061960,0
ISIC_0055699,0
ISIC_0026453,2
ISIC_0028211,0
ISIC_0033405,0
ISIC_0061000,0
ISIC_0063723,0
ISIC_0063192,2
ISIC_0056548,2
ISIC_0057910,2
ISIC_0059922,2
ISIC_0000531,0
ISIC_0059180,2
ISIC_0067940,2
ISIC_0057593,0
ISIC_0064694,0
ISIC_0059999,2
ISIC_0032547,0
ISIC_0064060,0
ISIC_0033483,2
ISIC_0070747,0
ISIC_0063677,2
ISIC_0072229,2
ISIC_0028457,2
ISIC_0055703,2
ISIC_0072612,0
ISIC_0054722,2
ISIC_0053951,2
ISIC_0068590,2
ISIC_0060950,2
ISIC_0068786,2
ISIC_0069038,2
ISIC_0029342,2
ISIC_0061450,2
ISIC_0055753,2
ISIC_0061751,0
ISIC_0062228,2
ISIC_0058127,0
ISIC_0066066,0
ISIC_0070491,2
ISIC_0068186,2
ISIC_0025546,0
ISIC_0064396,0
ISIC_0063984,2
ISIC_0033196,0
ISIC_0033485,0
ISIC_0058309,2
ISIC_0054061,0
ISIC_0068949,2
ISIC_0057500,2
ISIC_0034101,0
ISIC_0054198,0
ISIC_0061629,0
ISIC_0057820,2
ISIC_0071743,2
ISIC_0065624,2
ISIC_0030798,0
ISIC_0024665,2
ISIC_0067205,0
ISIC_0057392,2
ISIC_0069915,2
ISIC_0070744,2
ISIC_0060533,2
ISIC_0069889,0
ISIC_0060906,2
ISIC_0012288_downsampled,0
ISIC_0063270,2
ISIC_0072491,2
ISIC_0053757,2
ISIC_0073143,0
ISIC_0070092,0
ISIC_0072002,0
ISIC_0063263,2
ISIC_0031407,2
ISIC_0027174,0
ISIC_0060599,2
ISIC_0069378,2
ISIC_0069650,2
ISIC_0065813,0
ISIC_0068931,0
ISIC_0034050,0
ISIC_0066924,2
ISIC_0000511,0
ISIC_0056510,2
ISIC_0057963,0
ISIC_0059670,2
ISIC_0066441,2
ISIC_0066696,2
ISIC_0014361_downsampled,0
ISIC_0071612,0
ISIC_0065774,0
ISIC_0000295,0
ISIC_0025700,2
ISIC_0071480,2
ISIC_0027071,0
ISIC_0028418,0
ISIC_0054843,2
ISIC_0029917,2
ISIC_0024898,0
ISIC_0064281,0
ISIC_0058984,2
ISIC_0067529,2
ISIC_0031023,0
ISIC_0029241,0
ISIC_0063070,0
ISIC_0068112,2
ISIC_0031118,0
ISIC_0032806,0
ISIC_0073019,2
ISIC_0064150,2
ISIC_0069474,2
ISIC_0014072_downsampled,0
ISIC_0065969,0
ISIC_0028570,2
ISIC_0070333,0
ISIC_0070756,0
ISIC_0056631,2
ISIC_0024999,0
ISIC_0059866,0
ISIC_0069747,0
ISIC_0068488,0
ISIC_0061880,0
ISIC_0070966,2
ISIC_0071170,2
ISIC_0024865,0
ISIC_0062341,2
ISIC_0071197,0
ISIC_0064797,2
ISIC_0032517,0
ISIC_0056396,2
ISIC_0013969_downsampled,0
ISIC_0014360_downsampled,0
ISIC_0031351,2
ISIC_0058196,0
ISIC_0065431,0
ISIC_0054954,0
ISIC_0014486_downsampled,0
ISIC_0059294,0
ISIC_0070687,2
ISIC_0063928,2
ISIC_0065140,2
ISIC_0066837,2
ISIC_0060109,2
ISIC_0025550,0
ISIC_0066292,2
ISIC_0034087,0
ISIC_0070601,0
ISIC_0028567,0
ISIC_0058387,2
ISIC_0058842,2
ISIC_0061234,2
ISIC_0067235,0
ISIC_0058016,0
ISIC_0060117,2
ISIC_0031545,0
ISIC_0072857,2
ISIC_0070021,2
ISIC_0066337,2
ISIC_0027546,2
ISIC_0072567,2
ISIC_0055221,2
ISIC_0057474,2
ISIC_0063227,2
ISIC_0069032,2
ISIC_0066257,2
ISIC_0066569,2
ISIC_0060081,2
ISIC_0068847,0
ISIC_0072230,0
ISIC_0033204,0
ISIC_0055772,2
ISIC_0060512,2
ISIC_0059490,0
ISIC_0054121,2
ISIC_0059914,2
ISIC_0062318,0
ISIC_0058678,2
ISIC_0058476,2
ISIC_0071917,2
ISIC_0024644,0
ISIC_0071797,0
ISIC_0057771,0
ISIC_0054674,2
ISIC_0013917_downsampled,0
ISIC_0024918,0
ISIC_0060873,0
ISIC_0055014,2
ISIC_0070710,0
ISIC_0053533,0
ISIC_0064200,2
ISIC_0029909,0
ISIC_0014156_downsampled,0
ISIC_0070364,0
ISIC_0058837,0
ISIC_0066198,2
ISIC_0030681,0
ISIC_0067953,0
ISIC_0029053,2
ISIC_0055693,2
ISIC_0059092,0
ISIC_0054248,0
ISIC_0032408,0
ISIC_0000046_downsampled,0
ISIC_0062657,2
ISIC_0073194,0
ISIC_0054575,2
ISIC_0034216,0
ISIC_0067354,2
ISIC_0065709,0
ISIC_0060803,2
ISIC_0071008,2
ISIC_0072909,0
ISIC_0065785,2
ISIC_0055418,2
ISIC_0062837,2
ISIC_0024733,0
ISIC_0025451,0
ISIC_0024496,0
ISIC_0067098,2
ISIC_0024515,2
ISIC_0065771,2
ISIC_0068910,0
ISIC_0068038,2
ISIC_0055311,0
ISIC_0065490,2
ISIC_0056189,2
ISIC_0031171,2
ISIC_0058177,0
ISIC_0066643,0
ISIC_0032985,0
ISIC_0054653,2
ISIC_0029021,0
ISIC_0063445,0
ISIC_0000156_downsampled,0
ISIC_0068881,0
ISIC_0071906,0
ISIC_0058453,0
ISIC_0058549,2
ISIC_0072450,2
ISIC_0058284,0
ISIC_0065699,2
ISIC_0072731,2
ISIC_0070146,2
ISIC_0072060,2
ISIC_0058084,2
ISIC_0070352,0
ISIC_0054975,2
ISIC_0056793,0
ISIC_0070427,0
ISIC_0063143,0
ISIC_0064276,0
ISIC_0066821,2
ISIC_0069583,0
ISIC_0059115,2
ISIC_0058826,2
ISIC_0024554,0
ISIC_0061481,2
ISIC_0055539,2
ISIC_0053876,2
ISIC_0032741,2
ISIC_0058997,2
ISIC_0056235,2
ISIC_0061906,2
ISIC_0059159,2
ISIC_0068161,2
ISIC_0032092,2
ISIC_0029013,0
ISIC_0071385,2
ISIC_0053913,2
ISIC_0068680,2
ISIC_0072506,2
ISIC_0069219,2
ISIC_0071223,2
ISIC_0069591,0
ISIC_0062927,2
ISIC_0061231,0
ISIC_0024454,2
ISIC_0058973,2
ISIC_0065954,0
ISIC_0027067,0
ISIC_0056899,2
ISIC_0059089,0
ISIC_0067659,2
ISIC_0053543,2
ISIC_0024987,0
ISIC_0070657,0
